against_mgmt,count_against_mgmt,count_sharehold_propo,cusip,issuer_company,marketcap,perc_against_mgmt,performance_PE,performance_priceCh12m,prop_from,prop_nr,proposal,proposals_count,sector,ticker_issuer,year,environ_prop
FOR MGMT,0,1,G60754101,Michael Kors Holdings Limited,6078.08,0.0,10.55x,-32.48%,SH,4,ASSESS FEASIBILITY OF ADOPTING QUANTITATIVE RENEWABLE ENERGY GOALS,6,Retail,KORS,2018,1
FOR MGMT,0,1,436106108,HollyFrontier Corporation,9825.44,0.0,6.87x,25.44%,SH,6,"REPORT ON SUSTAINABILITY, INCLUDING GHG",14,Oil and Gas,HFC,2015,1
FOR MGMT,0,1,436106108 ,HollyFrontier Corporation,9825.44,0.0,6.87x,25.44%,SH,4,ADOPT QUANTITATIVE GHG GOALS FOR,12,Oil and Gas,HFC,2014,1
FOR MGMT,0,2,00130H105,The AES Corporation,10285.48,0.0,52.31x,45.14%,SH,6,ASSESS IMPACT OF A 2 DEGREE SCENARIO,14,Energy,AES,2017,1
FOR MGMT,0,2,500255104 ,Kohl's Corporation,10317.28,0.0,10.40x,27.82%,SH,5,REPORT ON DATA USED TO MAKE ENVIRONMENTAL GOALS AND COSTS AND BENEFITS,14,Department Stores,KSS,2014,1
FOR MGMT,0,1,445658107,"J.B. Hunt Transport Services, Inc.",10900.16,0.0,14.04x,-10.54%,SH,3,ADOPT QUANTITATIVE GHG GOALS FOR PRODUCTS AND OPERATIONS,13,Trucking,JBHT,2015,1
FOR MGMT,0,1,832696405,The J. M. Smucker Company,11167.64,0.0,8.33x,-17.14%,SH,5,REPORT ON PLANS TO INCREASE RENEWABLE ENERGY USE,13,Food and drinks,SJM,2016,1
FOR MGMT,0,1,832696405,The J. M. Smucker Company,11167.64,0.0,8.33x,-17.14%,SH,5,REPORT ON PLANS TO INCREASE RENEWABLE ENERGY USE,17,Food and drinks,SJM,2018,1
FOR MGMT,0,1,302130109,"Expeditors International of Washington, Inc.",12179.68,0.0,20.86x,9.96%,SH,6,LINK EXECUTIVE COMPENSATION TO SUSTAINABILITY PERFORMANCE,16,"Distribution, Logistics and Packaging",EXPD,2017,1
FOR MGMT,0,2,302130109,"Expeditors International of Washington, Inc.",12179.68,0.0,20.86x,9.96%,SH,4,ASSESS FEASIBILITY OF INCLUDING SUSTAINABILITY AS A PERFORMANCE MEASURE FOR SENIOR EXECUTIVE COMPENSATION,14,"Distribution, Logistics and Packaging",EXPD,2018,1
FOR MGMT,0,4,25179M103,Devon Energy Corporation,12735.04,0.0,NM,-26.78%,SH,5,ANNUALLY ASSESS PORTFOLIO IMPACTS OF POLICIES TO MEET 2 DEGREE SCENARIO,15,Oil and Gas,DVN,2016,1
FOR MGMT,0,4,25179M103,Devon Energy Corporation,12735.04,0.0,NM,-26.78%,SH,8,ANNUALLY ASSESS PORTFOLIO IMPACTS OF POLICIES TO MEET 2 DEGREE SCENARIO,18,Oil and Gas,DVN,2017,1
FOR MGMT,0,3,25179M103 ,Devon Energy Corporation,12735.04,0.0,NM,-26.78%,SH,4,REPORT ON FINANCIAL RISKS OF CLIMATE,15,Oil and Gas,DVN,2014,1
FOR MGMT,0,4,25179M103,Devon Energy Corporation,12735.04,0.0,NM,-26.78%,SH,7,REVIEW PUBLIC POLICY ADVOCACY ON CLIMATE CHANGE,18,Oil and Gas,DVN,2017,1
FOR MGMT,0,4,25179M103,Devon Energy Corporation,12735.04,0.0,NM,-26.78%,SH,4,REVIEW PUBLIC POLICY ADVOCACY ON CLIMATE CHANGE,15,Oil and Gas,DVN,2016,1
FOR MGMT,0,4,25179M103,Devon Energy Corporation,12735.04,0.0,NM,-26.78%,SH,6,REVIEW PUBLIC POLICY ADVOCACY ON CLIMATE CHANGE,16,Oil and Gas,DVN,2015,1
FOR MGMT,0,4,25179M103,Devon Energy Corporation,12735.04,0.0,NM,-26.78%,SH,8,REPORT ON FINANCIAL RISKS OF CLIMATE CHANGE,16,Oil and Gas,DVN,2015,1
FOR MGMT,0,3,25179M103 ,Devon Energy Corporation,12735.04,0.0,NM,-26.78%,SH,6,REVIEW PUBLIC POLICY ADVOCACY ON CLIMATE,15,Oil and Gas,DVN,2014,1
FOR MGMT,0,4,25179M103,Devon Energy Corporation,12735.04,0.0,NM,-26.78%,SH,7,CEASE USING OIL AND GAS RESERVE METRICS FOR SENIOR EXECUTIVE'S COMPENSATION,15,Oil and Gas,DVN,2016,1
FOR MGMT,0,4,25179M103,Devon Energy Corporation,12735.04,0.0,NM,-26.78%,SH,10,REPORT ON USING OIL AND GAS RESERVE METRICS FOR NAMED EXECUTIVE'S COMPENSATION,18,Oil and Gas,DVN,2017,1
FOR MGMT,1,2,169656105 ,"Chipotle Mexican Grill, Inc.",12988.62,12.5,69.57x,49.03%,SH,5,REPORT ON SUSTAINABILITY,8,Restaurants,CMG,2014,1
FOR MGMT,3,5,169656105,"Chipotle Mexican Grill, Inc.",12988.62,16.666666666666664,69.57x,49.03%,SH,10,ASSESS FEASIBILITY OF INCLUDING SUSTAINABILITY AS A PERFORMANCE MEASURE FOR SENIOR EXECUTIVE COMPENSATION,18,Restaurants,CMG,2016,1
FOR MGMT,3,5,169656105,"Chipotle Mexican Grill, Inc.",12988.62,16.666666666666664,69.57x,49.03%,SH,9,"REPORT ON SUSTAINABILITY, INCLUDING QUANTITATIVE GOALS",18,Restaurants,CMG,2016,1
FOR MGMT,0,5,169656105,"Chipotle Mexican Grill, Inc.",12988.62,0.0,69.57x,49.03%,SH,12,"REPORT ON SUSTAINABILITY, INCLUDING",17,Restaurants,CMG,2015,1
FOR MGMT,0,1,44107P104,"Host Hotels & Resorts, Inc.",13646.53,0.0,15.58x,-6.41%,SH,3,REPORT ON SUSTAINABILITY,13,Real Estate,HST,2018,1
FOR MGMT,0,4,35671D857 ,Freeport-McMoRan Copper & Gold Inc.,15823.45,0.0,5.04x,-26.42%,SH,4,REQUEST DIRECTOR NOMINEE WITH ENVIRONMENTAL QUALIFICATIONS,21,Copper,FCX,2014,1
FOR MGMT,0,3,023608102,Ameren Corporation,17203.31,0.0,25.19x,12.37%,SH,5,REPORT ANALYZING RENEWABLE ENERGY,17,Utilities,AEE,2017,1
FOR MGMT,0,3,023608102,Ameren Corporation,17203.31,0.0,25.19x,12.37%,SH,6,ASSESS IMPACT OF A 2 DEGREE SCENARIO,17,Utilities,AEE,2017,1
FOR MGMT,3,2,25470F104,"Discovery Communications, Inc.",19821.43,37.5,NM,48.13%,SH,5,ASSESS FEASIBILITY OF INCLUDING SUSTAINABILITY AS A PERFORMANCE MEASURE FOR SENIOR EXECUTIVE COMPENSATION,8,Broadcasting,DISCA,2017,1
FOR MGMT,0,2,487836108,Kellogg Company,21112.77,0.0,11.45x,-9.56%,SH,4,EXPRESS SUPPORT FOR ANIMAL WELFARE,8,Food and drinks,K,2016,1
FOR MGMT,0,1,74144T108,"T. Rowe Price Group, Inc.",22448.27,0.0,12.91x,-9.21%,SH,4,REPORT ON AND ASSESS PROXY VOTING POLICIES IN RELATION TO CLIMATE CHANGE POSITION,15,Financial Services,TROW,2016,1
FOR MGMT,0,3,74144T108,"T. Rowe Price Group, Inc.",22448.27,0.0,12.91x,-9.21%,SH,8,REPORT ON AND ASSESS PROXY VOTING POLICIES IN RELATION TO CLIMATE CHANGE POSITION,22,Financial Services,TROW,2017,1
FOR MGMT,0,2,370334104,"General Mills, Inc.",22942.93,0.0,10.71x,-32.12%,SH,4,ASSESS ENVIRONMENTAL IMPACT OF NON-RECYCLABLE PACKAGING,17,Food and drinks,GIS,2015,1
FOR MGMT,0,4,501044101,The Kroger Co.,23277.66,0.0,6.67x,9.95%,SH,6,ASSESS BENEFITS OF ADOPTING RENEWABLE ENERGY GOALS,18,Food and drinks,KR,2017,1
FOR MGMT,0,4,501044101,The Kroger Co.,23277.66,0.0,6.67x,9.95%,SH,7,ADOPT POLICY AND PLAN TO ELIMINATE DEFORESTATION IN SUPPLY CHAIN,18,Food and drinks,KR,2017,1
FOR MGMT,0,4,501044101,The Kroger Co.,23277.66,0.0,6.67x,9.95%,SH,5,ASSESS ENVIRONMENTAL IMPACT OF NON-RECYCLABLE PACKAGING,17,Food and drinks,KR,2016,1
FOR MGMT,0,3,501044101,The Kroger Co.,23277.66,0.0,6.67x,9.95%,SH,6,REPORT ON BENEFITS OF ADOPTING RENEWABLE ENERGY GOALS,18,Food and drinks,KR,2018,1
FOR MGMT,0,4,501044101,The Kroger Co.,23277.66,0.0,6.67x,9.95%,SH,5,ASSESS ENVIRONMENTAL IMPACT OF NON-RECYCLABLE PACKAGING,18,Food and drinks,KR,2017,1
FOR MGMT,0,3,501044101,The Kroger Co.,23277.66,0.0,6.67x,9.95%,SH,7,ASSESS ENVIRONMENTAL IMPACT OF NON-RECYCLABLE PACKAGING,18,Food and drinks,KR,2018,1
FOR MGMT,0,4,501044101,The Kroger Co.,23277.66,0.0,6.67x,9.95%,SH,6,ASSESS FEASIBILITY AND BENEFITS OF ADOPTING QUANTITATIVE RENEWABLE ENERGY GOALS,17,Food and drinks,KR,2016,1
FOR MGMT,0,3,501044101,The Kroger Co.,23277.66,0.0,6.67x,9.95%,SH,5,ASSESS ENVIRONMENTAL IMPACT OF NON-RECYCLABLE PACKAGING,16,Food and drinks,KR,2015,1
FOR MGMT,0,1,723787107,Pioneer Natural Resources Company,24376.08,0.0,18.62x,-7.29%,SH,5,REPORT ON ANNUAL SUSTAINABILITY,17,Oil and Gas,PXD,2017,1
FOR MGMT,1,4,49456B101,"Kinder Morgan, Inc.",36084.75,4.761904761904762,NM,-5.82%,SH,4,REPORT ON METHANE EMISSIONS,21,Oil and Gas,KMI,2017,1
FOR MGMT,1,4,49456B101,"Kinder Morgan, Inc.",36084.75,4.761904761904762,NM,-5.82%,SH,6,REPORT ON CAPITAL EXPENDITURE STRATEGY WITH RESPECT TO CLIMATE CHANGE POLICY,21,Oil and Gas,KMI,2017,1
FOR MGMT,3,3,49456B101,"Kinder Morgan, Inc.",36084.75,13.636363636363635,NM,-5.82%,SH,5,REPORT ON METHANE EMISSIONS MANAGEMENT,22,Oil and Gas,KMI,2018,1
AGAINST MGMT,3,3,49456B101,"Kinder Morgan, Inc.",36084.75,13.636363636363635,NM,-5.82%,SH,6,REPORT ON SUSTAINABILITY,22,Oil and Gas,KMI,2018,2
AGAINST MGMT,3,3,49456B101,"Kinder Morgan, Inc.",36084.75,13.636363636363635,NM,-5.82%,SH,7,ASSESS PORTFOLIO IMPACTS OF POLICIES TO MEET 2 DEGREE SCENARIO,22,Oil and Gas,KMI,2018,2
FOR MGMT,1,4,49456B101,"Kinder Morgan, Inc.",36084.75,4.761904761904762,NM,-5.82%,SH,5,REPORT ON ANNUAL SUSTAINABILITY,21,Oil and Gas,KMI,2017,1
FOR MGMT,0,1,291011104,Emerson Electric Co.,39416.68,0.0,18.19x,-4.30%,SH,4,REPORT ON SUSTAINABILITY,10,Electrical Components and Equipment,EMR,2016,1
FOR MGMT,0,3,56585A102,Marathon Petroleum Corporation,42528.94,0.0,7.58x,-3.81%,SH,5,REPORT ON ENVIRONMENTAL AND HUMAN RIGHTS DUE DILIGENCE,10,Oil and Gas,MPC,2017,1
FOR MGMT,0,3,56585A102,Marathon Petroleum Corporation,42528.94,0.0,7.58x,-3.81%,SH,6,REPORT ON STRATEGY FOR ALIGNING WITH 2 DEGREE SCENARIO,10,Oil and Gas,MPC,2017,1
FOR MGMT,0,1,45866F104,"Intercontinental Exchange, Inc.",44740.82,0.0,17.64x,11.59%,SH,4,"REPORT ON SUSTAINABILITY, INCLUDING QUANTITATIVE GOALS",11,Financial Services,ICE,2016,1
FOR MGMT,0,1,064058100,The Bank of New York Mellon Corporation,47174.57,0.0,11.14x,-12.01%,SH,5,REPORT ON AND ASSESS PROXY VOTING POLICIES IN RELATION TO CLIMATE CHANGE POSITION,17,Financial Services,BK,2017,1
FOR MGMT,0,2,064058100,The Bank of New York Mellon Corporation,47174.57,0.0,11.14x,-12.01%,SH,5,REPORT ON AND ASSESS PROXY VOTING POLICIES IN RELATION TO CLIMATE CHANGE POSITION,16,Financial Services,BK,2018,1
FOR MGMT,0,2,842587107,The Southern Company,48337.19,0.0,19.60x,-8.47%,SH,7,ADOPT QUANTITATIVE GHG GOALS FOR OPERATIONS,21,Utilities,SO,2015,1
FOR MGMT,0,7,25746U109,"Dominion Resources, Inc.",49635.95,0.0,15.77x,-9.64%,SH,7,REPORT ON METHANE EMISSIONS MANAGEMENT AND REDUCTION TARGETS,20,Utilities,D,2015,1
FOR MGMT,0,2,25746U109,"Dominion Energy, Inc.",49635.95,0.0,15.77x,-9.64%,SH,4,REPORT ON METHANE EMISSIONS MANAGEMENT,16,Utilities,D,2018,1
FOR MGMT,0,7,25746U109,"Dominion Resources, Inc.",49635.95,0.0,15.77x,-9.64%,SH,10,ADOPT QUANTITATIVE GHG GOALS FOR PRODUCTS AND OPERATIONS,20,Utilities,D,2015,1
FOR MGMT,0,6,25746U109,"Dominion Resources, Inc.",49635.95,0.0,15.77x,-9.64%,SH,7,REQUIRE DIRECTOR NOMINEE WITH ENVIRONMENTAL EXPERIENCE,18,Utilities,D,2016,1
FOR MGMT,0,6,25746U109 ,"Dominion Resources, Inc.",49635.95,0.0,15.77x,-9.64%,SH,9,REPORT ON ENVIRONMENTAL IMPACTS OF BIOMASS AND ASSESS RISKS,20,Utilities,D,2014,1
FOR MGMT,0,6,25746U109 ,"Dominion Resources, Inc.",49635.95,0.0,15.77x,-9.64%,SH,7,REPORT ON METHANE EMISSIONS MANAGEMENT,20,Utilities,D,2014,1
FOR MGMT,0,4,25746U109,"Dominion Resources, Inc.",49635.95,0.0,15.77x,-9.64%,SH,9,REPORT ON METHANE EMISSIONS MANAGEMENT AND REDUCTION TARGETS,20,Utilities,D,2017,1
FOR MGMT,0,4,25746U109,"Dominion Resources, Inc.",49635.95,0.0,15.77x,-9.64%,SH,8,ASSESS PORTFOLIO IMPACTS OF POLICIES TO MEET 2 DEGREE SCENARIO,20,Utilities,D,2017,1
FOR MGMT,0,4,25746U109,"Dominion Resources, Inc.",49635.95,0.0,15.77x,-9.64%,SH,7,REQUIRE DIRECTOR NOMINEE WITH ENVIRONMENTAL EXPERIENCE,20,Utilities,D,2017,1
FOR MGMT,0,6,25746U109,"Dominion Resources, Inc.",49635.95,0.0,15.77x,-9.64%,SH,8,REPORT ON FINANCIAL AND PHYSICAL RISKS OF CLIMATE CHANGE,18,Utilities,D,2016,1
FOR MGMT,0,7,25746U109,"Dominion Resources, Inc.",49635.95,0.0,15.77x,-9.64%,SH,9,REPORT ON FINANCIAL AND PHYSICAL RISKS OF CLIMATE CHANGE,20,Utilities,D,2015,1
FOR MGMT,0,6,25746U109 ,"Dominion Resources, Inc.",49635.95,0.0,15.77x,-9.64%,SH,10,ADOPT QUANTITATIVE GHG GOALS FOR PRODUCTS AND OPERATIONS,20,Utilities,D,2014,1
FOR MGMT,1,4,674599105,Occidental Petroleum Corporation,50239.43,5.555555555555555,13.07x,-4.13%,SH,7,REPORT ON METHANE EMISSIONS AND FLARING,18,Integrated Oil and Gas,OXY,2017,1
FOR MGMT,0,1,693475105 ,"The PNC Financial Services Group, Inc.",58397.89,0.0,10.41x,-11.76%,SH,4,REPORT ON CLIMATE CHANGE FINANCING RISK,18,Financial Services,PNC,2014,1
FOR MGMT,0,3,500754106,The Kraft Heinz Company,59398.67,0.0,5.76x,-38.62%,SH,5,ASSESS ENVIRONMENTAL IMPACT OF NON-RECYCLABLE PACKAGING,16,Food and drinks,KHC,2017,1
FOR MGMT,0,3,500754106,The Kraft Heinz Company,59398.67,0.0,5.76x,-38.62%,SH,6,REPORT ON SUPPLY CHAIN IMPACT ON DEFORESTATION,16,Food and drinks,KHC,2017,1
FOR MGMT,0,3,500754106,The Kraft Heinz Company,59398.67,0.0,5.76x,-38.62%,SH,4,REPORT ON SUSTAINABILITY,16,Food and drinks,KHC,2017,1
FOR MGMT,0,1,500754106,The Kraft Heinz Company,59398.67,0.0,5.76x,-38.62%,SH,4,ASSESS ENVIRONMENTAL IMPACT OF NON-RECYCLABLE PACKAGING,14,Food and drinks,KHC,2018,1
FOR MGMT,0,1,171232101,The Chubb Corporation,60347.07,0.0,11.94x,-12.37%,SH,4,"REPORT ON SUSTAINABILITY, INCLUDING",17,Financial Services,CB,2015,1
FOR MGMT,0,1,171232101 ,The Chubb Corporation,60347.07,0.0,11.94x,-12.37%,SH,5,REPORT ON SUSTAINABILITY,18,Financial Services,CB,2014,1
FOR MGMT,0,3,609207105,"Mondelez International, Inc.",63677.99,0.0,19.55x,2.62%,SH,4,ASSESS ENVIRONMENTAL IMPACT OF NON-RECYCLABLE PACKAGING,18,Food and drinks,MDLZ,2016,1
FOR MGMT,0,1,609207105,"Mondelez International, Inc.",63677.99,0.0,19.55x,2.62%,SH,4,ASSESS ENVIRONMENTAL IMPACT OF NON-RECYCLABLE PACKAGING,15,Food and drinks,MDLZ,2015,1
FOR MGMT,0,1,609207105 ,"Mondelez International, Inc.",63677.99,0.0,19.55x,2.62%,SH,5,ASSESS ENVIRONMENTAL IMPACT OF NON-RECYCLABLE PACKAGING,16,Food and drinks,MDLZ,2014,1
FOR MGMT,0,2,609207105,"Mondelez International, Inc.",63677.99,0.0,19.55x,2.62%,SH,5,ASSESS ENVIRONMENTAL IMPACT OF NON-RECYCLABLE PACKAGING,18,Food and drinks,MDLZ,2017,1
FOR MGMT,1,2,609207105,"Mondelez International, Inc.",63677.99,5.88235294117647,19.55x,2.62%,SH,4,ASSESS ENVIRONMENTAL IMPACT OF NON-RECYCLABLE PACKAGING,17,Food and drinks,MDLZ,2018,1
FOR MGMT,0,1,548661107 ,"Lowe's Companies, Inc.",71784.36,0.0,19.93x,6.90%,SH,5,REPORT ON DATA USED TO MAKE ENVIRONMENTAL GOALS AND COSTS AND BENEFITS OF,15,Retail,LOW,2014,1
FOR MGMT,0,2,548661107,"Lowe's Companies, Inc.",71784.36,0.0,19.93x,6.90%,SH,5,"REPORT ON SUSTAINABILITY, INCLUDING QUANTITATIVE GOALS",16,Retail,LOW,2016,1
FOR MGMT,0,1,548661107,"Lowe's Companies, Inc.",71784.36,0.0,19.93x,6.90%,SH,5,ASSESS CLIMATE BENEFITS AND FEASIBILITY OF ADOPTING QUANTITATIVE RENEWABLE PRODUCTION GOALS,15,Retail,LOW,2017,1
FOR MGMT,0,6,149123101,Caterpillar Inc.,72907.68,0.0,19.64x,-13.53%,SH,9,INCLUDE SUSTAINABILITY AS A PERFORMANCE MEASURE FOR SENIOR EXECUTIVE COMPENSATION,23,Construction and Engineering,CAT,2017,1
FOR MGMT,0,4,931427108,"Walgreens Boots Alliance, Inc.",76788.7,0.0,16.08x,16.64%,SH,7,INCLUDE SUSTAINABILITY AS A PERFORMANCE,18,Drug Retail,WBA,2015,1
FOR MGMT,0,3,855244109,Starbucks Corporation,81222.08,0.0,20.21x,10.70%,SH,5,REPORT ON SUSTAINABLE PACKAGING,17,Food and drinks,SBUX,2018,1
FOR MGMT,1,3,911312106,"United Parcel Service, Inc.",90471.38,5.555555555555555,16.85x,-12.04%,SH,6,ASSESS FEASIBILITY OF INCLUDING SUSTAINABILITY AS PERFORMANCE MEASURE FOR SENIOR EXECUTIVE COMPENSATION,18,"Distribution, Logistics and Packaging",UPS,2018,1
FOR MGMT,0,3,126650100,CVS Health Corporation,95813.12,0.0,24.35x,4.22%,SH,8,ADOPT QUANTITATIVE RENEWABLE ENERGY,19,Health Care,CVS,2017,1
FOR MGMT,0,3,70450Y103,"PayPal Holdings, Inc.",97532.78,0.0,47.84x,12.32%,SH,7,REPORT ON FEASIBILITY OF NET-ZERO GHG EMISSIONS,15,Financial Services,PYPL,2017,1
FOR MGMT,0,3,70450Y103,"PayPal Holdings, Inc.",97532.78,0.0,47.84x,12.32%,SH,6,REPORT ON SUSTAINABILITY,15,Financial Services,PYPL,2017,1
FOR MGMT,5,6,64110L106,"Netflix, Inc.",115623.58,41.66666666666667,94.64x,43.16%,SH,7,REPORT ON FEASIBILITY OF NET-ZERO GHG EMISSIONS,12,Entertainment,NFLX,2017,1
FOR MGMT,5,6,64110L106,"Netflix, Inc.",115623.58,41.66666666666667,94.64x,43.16%,SH,6,REPORT ON SUSTAINABILITY,12,Entertainment,NFLX,2017,1
FOR MGMT,0,5,26078J100,DowDuPont Inc.,123315.61,0.0,58.52x,-24.69%,SH,7,ASSESS FEASIBILITY OF INCLUDING SUSTAINABILITY AS A PERFORMANCE MEASURE FOR SENIOR EXECUTIVE COMPENSATION,24,Diversified Chemicals,DWDP,2018,1
FOR MGMT,0,7,580135101,McDonald's Corporation,141045.74,0.0,27.80x,5.81%,SH,10,ADOPT POLICY TO BAN NON-THERAPEUTIC USE OF ANTIBIOTICS IN MEAT SUPPLY CHAIN,22,Restaurants,MCD,2017,1
FOR MGMT,0,7,580135101,McDonald's Corporation,141045.74,0.0,27.80x,5.81%,SH,11,ASSESS ENVIRONMENTAL IMPACT OF POLYSTYRENE FOAM CUPS,22,Restaurants,MCD,2017,1
FOR MGMT,0,4,713448108,"PepsiCo, Inc.",163487.81,0.0,33.41x,-0.78%,SH,8,ADOPT QUANTITATIVE RENEWABLE ENERGY GOALS,21,Food and drinks,PEP,2016,1
FOR MGMT,0,4,713448108,"PepsiCo, Inc.",163487.81,0.0,33.41x,-0.78%,SH,6,REPORT ON PLANS TO MINIMIZE PESTICIDES' IMPACT ON POLLINATORS,21,Food and drinks,PEP,2016,1
FOR MGMT,0,4,713448108,"PepsiCo, Inc.",163487.81,0.0,33.41x,-0.78%,SH,5,ESTABLISH A BOARD COMMITTEE ON SUSTAINABILITY,21,Food and drinks,PEP,2016,1
FOR MGMT,0,2,713448108,"Pepsico, Inc.",163487.81,0.0,33.41x,-0.78%,SH,5,REPORT ON PLANS TO MINIMIZE PESTICIDES',19,Food and drinks,PEP,2017,1
FOR MGMT,0,3,713448108,"PepsiCo, Inc.",163487.81,0.0,33.41x,-0.78%,SH,6,REPORT ON PLANS TO MINIMIZE PESTICIDES',19,Food and drinks,PEP,2015,1
FOR MGMT,0,10,166764100,Chevron Corporation,220675.33,0.0,15.55x,-3.46%,SH,7,INCREASE RETURN OF CAPITAL TO SHAREHOLDERS IN LIGHT OF CLIMATE CHANGE RISKS,24,Integrated Oil and Gas,CVX,2015,1
FOR MGMT,0,7,166764100 ,Chevron Corporation,220675.33,0.0,15.55x,-3.46%,SH,9,REQUIRE DIRECTOR NOMINEE WITH ENVIRONMENTAL EXPERIENCE,21,Integrated Oil and Gas,CVX,2014,1
FOR MGMT,0,10,166764100,Chevron Corporation,220675.33,0.0,15.55x,-3.46%,SH,8,ADOPT QUANTITATIVE GHG GOALS FOR PRODUCTS AND OPERATIONS,24,Integrated Oil and Gas,CVX,2015,1
FOR MGMT,0,8,166764100,Chevron Corporation,220675.33,0.0,15.55x,-3.46%,SH,10,REPORT ON THE RESULT OF EFFORTS TO MINIMIZE HYDRAULIC FRACTURING IMPACTS,21,Integrated Oil and Gas,CVX,2016,1
FOR MGMT,0,10,166764100,Chevron Corporation,220675.33,0.0,15.55x,-3.46%,SH,12,REQUIRE DIRECTOR NOMINEE WITH ENVIRONMENTAL EXPERIENCE,24,Integrated Oil and Gas,CVX,2015,1
FOR MGMT,0,7,166764100,Chevron Corporation,220675.33,0.0,15.55x,-3.46%,SH,9,REQUIRE DIRECTOR NOMINEE WITH ENVIRONMENTAL EXPERIENCE,19,Integrated Oil and Gas,CVX,2018,1
FOR MGMT,0,7,166764100,Chevron Corporation,220675.33,0.0,15.55x,-3.46%,SH,7,REPORT ON METHANE EMISSIONS,19,Integrated Oil and Gas,CVX,2018,1
FOR MGMT,0,7,166764100,Chevron Corporation,220675.33,0.0,15.55x,-3.46%,SH,6,REPORT ON TRANSITION TO A LOW CARBON,19,Integrated Oil and Gas,CVX,2018,1
FOR MGMT,0,6,166764100,Chevron Corporation,220675.33,0.0,15.55x,-3.46%,SH,8,ASSESS AND REPORT ON TRANSITION TO A LOW CARBON ECONOMY,21,Integrated Oil and Gas,CVX,2017,1
FOR MGMT,0,6,166764100,Chevron Corporation,220675.33,0.0,15.55x,-3.46%,SH,10,REQUIRE DIRECTOR NOMINEE WITH ENVIRONMENTAL EXPERIENCE,21,Integrated Oil and Gas,CVX,2017,1
FOR MGMT,0,10,166764100,Chevron Corporation,220675.33,0.0,15.55x,-3.46%,SH,9,REPORT ON THE RESULT OF EFFORTS TO MINIMIZE HYDRAULIC FRACTURING IMPACTS,24,Integrated Oil and Gas,CVX,2015,1
FOR MGMT,0,8,166764100,Chevron Corporation,220675.33,0.0,15.55x,-3.46%,SH,6,ADOPT QUANTITATIVE GHG GOALS FOR,21,Integrated Oil and Gas,CVX,2016,1
FOR MGMT,0,8,166764100,Chevron Corporation,220675.33,0.0,15.55x,-3.46%,SH,11,REQUIRE DIRECTOR NOMINEE WITH ENVIRONMENTAL EXPERIENCE,21,Integrated Oil and Gas,CVX,2016,1
FOR MGMT,0,8,166764100,Chevron Corporation,220675.33,0.0,15.55x,-3.46%,SH,9,INCREASE RETURN OF CAPITAL TO SHAREHOLDERS IN LIGHT OF CLIMATE CHANGE RISKS,21,Integrated Oil and Gas,CVX,2016,1
FOR MGMT,0,2,742718109,The Procter & Gamble Company,230330.7,0.0,24.15x,2.61%,SH,5,ASSESS ENVIRONMENTAL IMPACT OF NON-RECYCLABLE PACKAGING,16,Household Products,PG,2015,1
FOR MGMT,0,6,92343V104,Verizon Communications Inc.,238334.63,0.0,7.37x,14.40%,SH,4,ADOPT QUANTITATIVE RENEWABLE ENERGY GOALS,21,Integrated Telecommunication Services,VZ,2016,1
FOR MGMT,0,4,060505104,Bank of America Corporation,249575.03,0.0,12.13x,-11.64%,SH,5,REPORT ON CLIMATE CHANGE FINANCING RISK,20,Financial Services,BAC,2015,1
FOR MGMT,0,4,060505104 ,Bank of America Corporation,249575.03,0.0,12.13x,-11.64%,SH,7,REPORT ON CLIMATE CHANGE FINANCING RISK,22,Financial Services,BAC,2014,1
FOR MGMT,1,3,931142103,"Wal-Mart Stores, Inc.",270741.18,5.88235294117647,53.22x,-3.71%,SH,7,REQUIRE INDEPENDENT DIRECTOR NOMINEE WITH ENVIRONMENTAL EXPERIENCE,17,Hypermarkets and Super Centers,WMT,2017,1
FOR MGMT,1,11,30231G102,Exxon Mobil Corporation,328712.79,3.7037037037037033,14.28x,-5.95%,SH,11,ADOPT POLICY ACKNOWLEDGING THE IMPERATIVE FOR 2 DEGREE LIMIT,27,Integrated Oil and Gas,XOM,2016,1
FOR MGMT,1,11,30231G102,Exxon Mobil Corporation,328712.79,3.7037037037037033,14.28x,-5.95%,SH,10,INCREASE RETURN OF CAPITAL TO SHAREHOLDERS IN LIGHT OF CLIMATE CHANGE RISKS,27,Integrated Oil and Gas,XOM,2016,1
FOR MGMT,1,11,30231G102,Exxon Mobil Corporation,328712.79,3.7037037037037033,14.28x,-5.95%,SH,5,REQUIRE DIRECTOR NOMINEE WITH ENVIRONMENTAL EXPERIENCE,27,Integrated Oil and Gas,XOM,2016,1
FOR MGMT,0,8,30231G102,Exxon Mobil Corporation,328712.79,0.0,14.28x,-5.95%,SH,10,ADOPT QUANTITATIVE GHG GOALS FOR,22,Integrated Oil and Gas,XOM,2015,1
FOR MGMT,0,8,30231G102,Exxon Mobil Corporation,328712.79,0.0,14.28x,-5.95%,SH,6,REQUIRE DIRECTOR NOMINEE WITH ENVIRONMENTAL EXPERIENCE,22,Integrated Oil and Gas,XOM,2015,1
FOR MGMT,1,11,30231G102,Exxon Mobil Corporation,328712.79,3.7037037037037033,14.28x,-5.95%,SH,12,ANNUALLY ASSESS PORTFOLIO IMPACTS OF POLICIES TO MEET 2 DEGREE SCENARIO,27,Integrated Oil and Gas,XOM,2016,1
FOR MGMT,1,11,30231G102,Exxon Mobil Corporation,328712.79,3.7037037037037033,14.28x,-5.95%,SH,14,REPORT ON THE RESULT OF EFFORTS TO MINIMIZE HYDRAULIC FRACTURING IMPACTS,27,Integrated Oil and Gas,XOM,2016,1
FOR MGMT,3,9,30231G102,Exxon Mobil Corporation,328712.79,12.5,14.28x,-5.95%,SH,13,REPORT ON METHANE EMISSIONS,24,Integrated Oil and Gas,XOM,2017,1
FOR MGMT,3,9,30231G102,Exxon Mobil Corporation,328712.79,12.5,14.28x,-5.95%,SH,11,INCREASE RETURN OF CAPITAL TO SHAREHOLDERS IN LIGHT OF CLIMATE CHANGE RISKS,24,Integrated Oil and Gas,XOM,2017,1
AGAINST MGMT,3,9,30231G102,Exxon Mobil Corporation,328712.79,12.5,14.28x,-5.95%,SH,12,REPORT ON CLIMATE CHANGE POLICIES,24,Integrated Oil and Gas,XOM,2017,2
FOR MGMT,0,5,30231G102 ,Exxon Mobil Corporation,328712.79,0.0,14.28x,-5.95%,SH,8,ADOPT QUANTITATIVE GHG GOALS FOR,19,Integrated Oil and Gas,XOM,2014,1
FOR MGMT,3,5,30303M102 ,"Facebook, Inc.",394915.89,21.428571428571427,20.71x,-23.71%,SH,7,REPORT ON SUSTAINABILITY,14,Media,FB,2014,1
FOR MGMT,6,5,30303M102,"Facebook, Inc.",394915.89,26.08695652173913,20.71x,-23.71%,SH,10,REPORT ON SUSTAINABILITY,23,Media,FB,2016,1
FOR MGMT,8,3,30303M102,"Facebook, Inc.",394915.89,61.53846153846154,20.71x,-23.71%,SH,5,REPORT ON SUSTAINABILITY,13,Media,FB,2015,1
FOR MGMT,1,3,084670108,Berkshire Hathaway Inc.,504780.82,5.88235294117647,0.01x,4.35%,SH,5,ASSESS AND REPORT ON EXPOSURE TO CLIMATE CHANGE RISKS,17,Financial Services,BRK.B,2017,1
FOR MGMT,0,2,084670108,Berkshire Hathaway Inc.,504780.82,0.0,0.01x,4.35%,SH,3,REPORT ON SUSTAINABILITY,16,Financial Services,BRK.B,2018,1
FOR MGMT,0,2,084670108,Berkshire Hathaway Inc.,504780.82,0.0,0.01x,4.35%,SH,2,"REPORT ON METHANE EMISSIONS MANAGEMENT,",16,Financial Services,BRK.B,2018,1
FOR MGMT,1,3,084670108,Berkshire Hathaway Inc.,504780.82,5.88235294117647,0.01x,4.35%,SH,6,REQUIRE DIVESTMENT FROM FOSSIL FUELS,17,Financial Services,BRK.B,2017,1
FOR MGMT,1,7,02079K305,Alphabet Inc.,724364.65,5.0,39.28x,0.19%,SH,8,ASSESS FEASIBILITY OF INCLUDING SUSTAINABILITY AS A PERFORMANCE MEASURE FOR SENIOR EXECUTIVE COMPENSATION,20,Media,GOOGL,2018,1
FOR MGMT,1,3,023135106,"Amazon.com, Inc.",796593.46,5.88235294117647,91.28x,40.47%,SH,7,INCLUDE SUSTAINABILITY AS A PERFORMANCE MEASURE FOR SENIOR EXECUTIVE COMPENSATION,17,Online retail,AMZN,2017,1
FOR MGMT,0,4,023135106,"Amazon.com, Inc.",796593.46,0.0,91.28x,40.47%,SH,5,"REPORT ON SUSTAINABILITY, INCLUDING GHG",15,Online retail,AMZN,2015,1
FOR MGMT,0,3,023135106,"Amazon.com, Inc.",796593.46,0.0,91.28x,40.47%,SH,3,"REPORT ON SUSTAINABILITY, INCLUDING GHG GOALS",14,Online retail,AMZN,2016,1
FOR MGMT,0,2,037833100,Apple Inc.,799552.11,0.0,14.15x,-0.49%,SH,5,REPORT ON RISKS ASSOCIATED WITH REPEAL OF CLIMATE CHANGE POLICIES,12,Hardware Technology,AAPL,2015,1
